{"psnr": [32.83137525875883, 29.980957492642982, 31.856300548772083, 33.58216923574219, 32.571740663290136, 0, 0, 0, 0, 31.160543877970547, 0, 0, 27.618080181206274, 28.741839288279742, 0, 0, 28.788006962401276, 0, 25.5462222965421, 26.542618178873077, 27.788035335581505, 29.364526516774212, 0, 30.331695116714812, 30.341631248160713, 32.743298572612304, 34.021610922075055, 36.40578065343692, 0, 44.15797624769581, 39.940081008646885, 43.03783935772195, 0, 0, 39.87279187387236, 44.1776911066235, 46.205062936915894, 52.8861612136746, 0, 31.02300612438112, 33.213060728962034, 0, 72.06889676263955, 78.78897645357547, 77.50862646444966, 75.88600654375146, 78.4424803605063, 77.0639561732531, 78.4424803605063], "ssim": [], "seq": [320, 329, 332, 335, 338, -1, -1, -1, -1, 364, -1, -1, 377, 385, -1, -1, 403, -1, 423, 424, 425, 426, -1, 435, 441, 446, 447, 448, -1, 457, 463, 464, -1, -1, 476, 478, 479, 482, -1, 494, 495, -1, 4, 5, 6, 9, 10, 11, 12]}